model	md5	caprieval_rank	score	irmsd	fnat	lrmsd	ilrmsd	dockq	rmsd	cluster_id	cluster_ranking	model-cluster_ranking	air	angles	bonds	bsa	cdih	coup	dani	desolv	dihe	elec	improper	rdcs	rg	sym	total	vdw	vean	xpcs
../06_emref/emref_27.pdb	-	1	250.008	0.000	1.000	0.000	0.000	1.000	0.000	-	-	-	3884.730	0.000	0.000	2952.240	0.000	0.000	0.000	6.432	0.000	-384.502	0.000	0.000	0.000	0.000	3432.230	-67.996	0.000	0.000
../06_emref/emref_6.pdb	-	2	255.480	19.740	0.064	88.170	29.952	0.026	25.523	-	-	-	4141.530	0.000	0.000	2952.720	0.000	0.000	0.000	9.467	0.000	-304.262	0.000	0.000	0.000	0.000	3729.980	-107.287	0.000	0.000
../06_emref/emref_1.pdb	-	3	268.597	17.766	0.000	30.363	34.691	0.027	16.210	-	-	-	4035.090	0.000	0.000	2812.190	0.000	0.000	0.000	33.773	0.000	-539.743	0.000	0.000	0.000	0.000	3434.610	-60.736	0.000	0.000
../06_emref/emref_10.pdb	-	4	280.027	16.821	0.000	87.640	36.014	0.006	20.738	-	-	-	4240.950	0.000	0.000	3301.200	0.000	0.000	0.000	5.579	0.000	-328.921	0.000	0.000	0.000	0.000	3828.170	-83.863	0.000	0.000
../06_emref/emref_7.pdb	-	5	280.345	18.003	0.000	66.759	35.803	0.008	24.456	-	-	-	4354.120	0.000	0.000	2653.630	0.000	0.000	0.000	-1.096	0.000	-353.076	0.000	0.000	0.000	0.000	3917.680	-83.356	0.000	0.000
../06_emref/emref_2.pdb	-	6	284.784	17.804	0.046	61.102	33.579	0.024	19.856	-	-	-	4168.460	0.000	0.000	2521.990	0.000	0.000	0.000	10.696	0.000	-367.779	0.000	0.000	0.000	0.000	3731.480	-69.202	0.000	0.000
../06_emref/emref_8.pdb	-	7	286.016	14.345	0.000	82.575	24.143	0.007	19.620	-	-	-	4238.810	0.000	0.000	3462.850	0.000	0.000	0.000	3.854	0.000	-276.332	0.000	0.000	0.000	0.000	3876.030	-86.452	0.000	0.000
../06_emref/emref_5.pdb	-	8	288.230	19.485	0.000	69.150	42.925	0.007	18.915	-	-	-	4296.440	0.000	0.000	3349.380	0.000	0.000	0.000	19.676	0.000	-310.582	0.000	0.000	0.000	0.000	3886.890	-98.974	0.000	0.000
../06_emref/emref_17.pdb	-	9	289.127	10.058	0.000	34.009	19.203	0.027	12.087	-	-	-	4175.970	0.000	0.000	3019.790	0.000	0.000	0.000	8.340	0.000	-259.593	0.000	0.000	0.000	0.000	3831.480	-84.891	0.000	0.000
../06_emref/emref_14.pdb	-	10	293.055	13.607	0.055	74.247	30.433	0.027	17.408	-	-	-	4426.650	0.000	0.000	2909.150	0.000	0.000	0.000	5.724	0.000	-273.287	0.000	0.000	0.000	0.000	4052.680	-100.677	0.000	0.000
../06_emref/emref_25.pdb	-	11	297.251	20.152	0.000	91.258	31.594	0.005	25.581	-	-	-	4388.220	0.000	0.000	3165.290	0.000	0.000	0.000	8.529	0.000	-374.691	0.000	0.000	0.000	0.000	3938.370	-75.162	0.000	0.000
../06_emref/emref_11.pdb	-	12	299.032	16.160	0.000	62.408	30.602	0.009	19.265	-	-	-	4089.220	0.000	0.000	2557.860	0.000	0.000	0.000	1.154	0.000	-325.818	0.000	0.000	0.000	0.000	3717.520	-45.881	0.000	0.000
../06_emref/emref_12.pdb	-	13	300.664	13.927	0.000	82.049	24.420	0.007	19.374	-	-	-	4313.340	0.000	0.000	2990.050	0.000	0.000	0.000	15.315	0.000	-366.808	0.000	0.000	0.000	0.000	3873.910	-72.624	0.000	0.000
../06_emref/emref_9.pdb	-	14	305.177	17.309	0.000	55.730	34.118	0.010	18.198	-	-	-	4382.420	0.000	0.000	3028.470	0.000	0.000	0.000	14.255	0.000	-435.636	0.000	0.000	0.000	0.000	3886.590	-60.193	0.000	0.000
../06_emref/emref_24.pdb	-	15	306.205	20.665	0.000	88.768	37.519	0.005	23.721	-	-	-	4442.810	0.000	0.000	3312.950	0.000	0.000	0.000	7.286	0.000	-267.020	0.000	0.000	0.000	0.000	4083.840	-91.958	0.000	0.000
../06_emref/emref_4.pdb	-	16	308.662	16.203	0.000	84.373	33.073	0.006	20.136	-	-	-	4428.860	0.000	0.000	3075.070	0.000	0.000	0.000	6.160	0.000	-305.413	0.000	0.000	0.000	0.000	4044.140	-79.301	0.000	0.000
../06_emref/emref_3.pdb	-	17	315.212	19.813	0.000	72.119	37.954	0.006	22.240	-	-	-	4720.980	0.000	0.000	3351.600	0.000	0.000	0.000	20.680	0.000	-499.641	0.000	0.000	0.000	0.000	4143.700	-77.638	0.000	0.000
../06_emref/emref_16.pdb	-	18	317.934	17.833	0.000	71.974	31.574	0.007	19.439	-	-	-	4338.210	0.000	0.000	2398.730	0.000	0.000	0.000	11.006	0.000	-476.236	0.000	0.000	0.000	0.000	3830.330	-31.645	0.000	0.000
../06_emref/emref_20.pdb	-	19	323.901	15.287	0.000	84.086	38.133	0.007	15.601	-	-	-	4580.010	0.000	0.000	2861.560	0.000	0.000	0.000	23.824	0.000	-375.618	0.000	0.000	0.000	0.000	4121.590	-82.800	0.000	0.000
../06_emref/emref_30.pdb	-	20	324.695	18.579	0.000	45.876	35.916	0.013	17.046	-	-	-	4389.580	0.000	0.000	2780.260	0.000	0.000	0.000	14.256	0.000	-371.271	0.000	0.000	0.000	0.000	3964.040	-54.264	0.000	0.000
../06_emref/emref_21.pdb	-	21	329.526	21.030	0.000	45.755	42.099	0.013	19.725	-	-	-	4627.660	0.000	0.000	2969.060	0.000	0.000	0.000	15.943	0.000	-303.194	0.000	0.000	0.000	0.000	4235.920	-88.544	0.000	0.000
../06_emref/emref_13.pdb	-	22	329.991	17.136	0.000	84.956	37.018	0.006	21.541	-	-	-	4697.390	0.000	0.000	3169.060	0.000	0.000	0.000	4.386	0.000	-384.893	0.000	0.000	0.000	0.000	4245.340	-67.156	0.000	0.000
../06_emref/emref_28.pdb	-	23	331.293	21.391	0.000	66.388	45.833	0.007	23.301	-	-	-	4463.110	0.000	0.000	2392.390	0.000	0.000	0.000	19.982	0.000	-358.784	0.000	0.000	0.000	0.000	4041.090	-63.243	0.000	0.000
../06_emref/emref_29.pdb	-	24	335.036	14.802	0.000	79.614	28.864	0.007	20.293	-	-	-	4821.080	0.000	0.000	2919.250	0.000	0.000	0.000	3.289	0.000	-372.405	0.000	0.000	0.000	0.000	4372.790	-75.879	0.000	0.000
../06_emref/emref_19.pdb	-	25	336.233	15.629	0.000	84.184	30.600	0.006	19.562	-	-	-	4419.560	0.000	0.000	2873.730	0.000	0.000	0.000	6.118	0.000	-295.734	0.000	0.000	0.000	0.000	4071.140	-52.694	0.000	0.000
../06_emref/emref_22.pdb	-	26	337.382	19.530	0.037	83.077	35.976	0.018	22.860	-	-	-	5012.600	0.000	0.000	3091.030	0.000	0.000	0.000	16.503	0.000	-451.446	0.000	0.000	0.000	0.000	4471.060	-90.092	0.000	0.000
../06_emref/emref_32.pdb	-	27	337.586	18.011	0.018	69.719	38.334	0.013	21.835	-	-	-	4568.120	0.000	0.000	2462.730	0.000	0.000	0.000	10.111	0.000	-322.019	0.000	0.000	0.000	0.000	4181.170	-64.933	0.000	0.000
../06_emref/emref_23.pdb	-	28	338.784	16.803	0.000	92.441	29.916	0.005	20.557	-	-	-	4804.170	0.000	0.000	2916.680	0.000	0.000	0.000	6.193	0.000	-367.621	0.000	0.000	0.000	0.000	4362.240	-74.302	0.000	0.000
../06_emref/emref_15.pdb	-	29	339.635	18.215	0.028	58.642	35.656	0.018	21.150	-	-	-	4591.340	0.000	0.000	2786.710	0.000	0.000	0.000	22.896	0.000	-340.862	0.000	0.000	0.000	0.000	4176.260	-74.223	0.000	0.000
../06_emref/emref_40.pdb	-	30	344.317	14.324	0.000	26.278	24.748	0.035	17.551	-	-	-	4671.470	0.000	0.000	2572.450	0.000	0.000	0.000	13.284	0.000	-409.104	0.000	0.000	0.000	0.000	4208.070	-54.292	0.000	0.000
../06_emref/emref_31.pdb	-	31	345.803	7.902	0.037	40.138	15.656	0.038	11.925	-	-	-	4711.950	0.000	0.000	2571.290	0.000	0.000	0.000	8.717	0.000	-327.375	0.000	0.000	0.000	0.000	4315.940	-68.634	0.000	0.000
../06_emref/emref_42.pdb	-	32	347.268	8.652	0.037	51.198	18.573	0.031	13.400	-	-	-	4320.650	0.000	0.000	2180.890	0.000	0.000	0.000	7.910	0.000	-225.112	0.000	0.000	0.000	0.000	4047.860	-47.684	0.000	0.000
../06_emref/emref_34.pdb	-	33	347.591	21.031	0.000	92.513	37.313	0.004	25.542	-	-	-	4778.090	0.000	0.000	2892.710	0.000	0.000	0.000	9.149	0.000	-330.955	0.000	0.000	0.000	0.000	4373.960	-73.176	0.000	0.000
../06_emref/emref_49.pdb	-	34	349.366	16.316	0.000	88.780	27.156	0.006	17.722	-	-	-	4526.570	0.000	0.000	2557.770	0.000	0.000	0.000	4.792	0.000	-204.077	0.000	0.000	0.000	0.000	4255.230	-67.268	0.000	0.000
../06_emref/emref_39.pdb	-	35	354.629	15.740	0.055	86.060	28.130	0.025	21.186	-	-	-	4784.480	0.000	0.000	3074.100	0.000	0.000	0.000	2.223	0.000	-186.258	0.000	0.000	0.000	0.000	4509.440	-88.790	0.000	0.000
../06_emref/emref_38.pdb	-	36	355.712	11.287	0.000	41.757	19.143	0.019	16.583	-	-	-	4826.340	0.000	0.000	3105.400	0.000	0.000	0.000	-4.067	0.000	-251.857	0.000	0.000	0.000	0.000	4502.000	-72.484	0.000	0.000
../06_emref/emref_33.pdb	-	37	355.765	18.049	0.018	76.783	32.029	0.012	22.833	-	-	-	4680.700	0.000	0.000	2609.340	0.000	0.000	0.000	16.559	0.000	-279.158	0.000	0.000	0.000	0.000	4328.510	-73.031	0.000	0.000
../06_emref/emref_26.pdb	-	38	358.382	17.615	0.000	55.053	31.230	0.010	21.446	-	-	-	4659.940	0.000	0.000	2632.740	0.000	0.000	0.000	5.272	0.000	-336.832	0.000	0.000	0.000	0.000	4277.590	-45.517	0.000	0.000
../06_emref/emref_18.pdb	-	39	358.395	17.276	0.000	84.563	28.182	0.006	17.666	-	-	-	4671.670	0.000	0.000	2477.910	0.000	0.000	0.000	16.634	0.000	-404.890	0.000	0.000	0.000	0.000	4222.350	-44.428	0.000	0.000
../06_emref/emref_37.pdb	-	40	359.856	13.287	0.000	70.773	26.834	0.009	20.304	-	-	-	4713.070	0.000	0.000	3097.830	0.000	0.000	0.000	9.067	0.000	-211.815	0.000	0.000	0.000	0.000	4423.100	-78.155	0.000	0.000
../06_emref/emref_35.pdb	-	41	359.892	16.808	0.028	68.304	36.035	0.017	20.896	-	-	-	4896.810	0.000	0.000	2811.170	0.000	0.000	0.000	6.061	0.000	-316.305	0.000	0.000	0.000	0.000	4507.920	-72.589	0.000	0.000
../06_emref/emref_41.pdb	-	42	365.716	21.156	0.000	55.355	40.758	0.009	24.288	-	-	-	4704.950	0.000	0.000	2534.360	0.000	0.000	0.000	0.122	0.000	-301.651	0.000	0.000	0.000	0.000	4358.730	-44.571	0.000	0.000
../06_emref/emref_36.pdb	-	43	368.568	19.603	0.009	96.190	34.833	0.008	24.711	-	-	-	4810.760	0.000	0.000	2378.170	0.000	0.000	0.000	6.947	0.000	-333.075	0.000	0.000	0.000	0.000	4424.840	-52.840	0.000	0.000
../06_emref/emref_50.pdb	-	44	369.760	16.414	0.000	51.754	30.700	0.012	20.974	-	-	-	4560.730	0.000	0.000	2661.350	0.000	0.000	0.000	5.591	0.000	-204.233	0.000	0.000	0.000	0.000	4305.440	-51.057	0.000	0.000
../06_emref/emref_44.pdb	-	45	371.568	18.310	0.000	78.024	32.215	0.006	23.919	-	-	-	4819.490	0.000	0.000	2438.770	0.000	0.000	0.000	9.785	0.000	-385.504	0.000	0.000	0.000	0.000	4390.920	-43.065	0.000	0.000
../06_emref/emref_43.pdb	-	46	372.022	16.811	0.000	92.467	29.952	0.005	22.318	-	-	-	4779.260	0.000	0.000	2274.410	0.000	0.000	0.000	10.056	0.000	-334.057	0.000	0.000	0.000	0.000	4396.060	-49.148	0.000	0.000
../06_emref/emref_45.pdb	-	47	379.288	12.810	0.000	21.670	21.697	0.049	15.865	-	-	-	5041.120	0.000	0.000	2802.570	0.000	0.000	0.000	0.457	0.000	-354.204	0.000	0.000	0.000	0.000	4632.480	-54.441	0.000	0.000
../06_emref/emref_48.pdb	-	48	384.564	16.249	0.000	75.015	30.405	0.007	22.402	-	-	-	4921.290	0.000	0.000	2650.230	0.000	0.000	0.000	3.205	0.000	-296.667	0.000	0.000	0.000	0.000	4573.190	-51.436	0.000	0.000
../06_emref/emref_46.pdb	-	49	394.035	9.285	0.009	49.411	20.740	0.021	14.125	-	-	-	4994.130	0.000	0.000	2870.490	0.000	0.000	0.000	19.047	0.000	-302.865	0.000	0.000	0.000	0.000	4627.410	-63.853	0.000	0.000
../06_emref/emref_47.pdb	-	50	407.415	7.072	0.037	37.529	16.483	0.043	10.474	-	-	-	5260.700	0.000	0.000	2665.820	0.000	0.000	0.000	10.958	0.000	-363.735	0.000	0.000	0.000	0.000	4840.100	-56.866	0.000	0.000
